run_at,spot,model,time,speed_kn,gust_kn,direction_deg
2026-10-01T20:58:31.629198+02:00,Malcesine,best_match,2026-10-01T20:58:31.629198+02:00,2.8,6.6,129
2026-10-01T20:58:31.629198+02:00,Malcesine,best_match,2026-10-01T20:58:31.629198+02:00,3.7,3.9,137
2026-10-01T20:58:31.629198+02:00,Malcesine,best_match,2026-10-01T20:58:31.629198+02:00,2.9,3.9,160
2026-10-01T20:58:31.629198+02:00,Malcesine,best_match,2026-10-01T20:58:31.629198+02:00,1.3,3.5,153
2026-10-01T20:58:31.629198+02:00,Malcesine,best_match,2026-10-01T20:58:31.629198+02:00,0.7,1.6,124
2026-10-01T20:58:31.629198+02:00,Malcesine,best_match,2026-10-01T20:58:31.629198+02:00,2.8,3.3,106
2026-10-01T20:58:31.629198+02:00,Malcesine,best_match,2026-10-01T20:58:31.629198+02:00,1.2,3.1,90
2026-10-01T20:58:31.629198+02:00,Malcesine,best_match,2026-10-01T20:58:31.629198+02:00,1.7,2.9,117
2026-10-01T20:58:31.629198+02:00,Malcesine,best_match,2026-10-01T20:58:31.629198+02:00,2.0,2.3,107
2026-10-01T20:58:31.629198+02:00,Malcesine,best_match,2026-10-01T20:58:31.629198+02:00,1.9,3.7,135
2026-10-01T20:58:31.629198+02:00,Malcesine,best_match,2026-10-01T20:58:31.629198+02:00,3.6,7.0,216
2026-10-01T20:58:31.629198+02:00,Malcesine,best_match,2026-10-01T20:58:31.629198+02:00,3.1,7.0,235
2026-10-01T20:58:31.629198+02:00,Malcesine,best_match,2026-10-01T20:58:31.629198+02:00,3.7,6.2,227
2026-10-01T20:58:31.629198+02:00,Malcesine,best_match,2026-10-01T20:58:31.629198+02:00,5.0,7.0,222
2026-10-01T20:58:31.629198+02:00,Malcesine,best_match,2026-10-01T20:58:31.629198+02:00,4.9,7.2,225
2026-10-01T20:58:31.629198+02:00,Malcesine,best_match,2026-10-01T20:58:31.629198+02:00,5.4,7.8,226
2026-10-01T20:58:31.629198+02:00,Malcesine,best_match,2026-10-01T20:58:31.629198+02:00,4.9,7.6,214
2026-10-01T20:58:31.629198+02:00,Malcesine,best_match,2026-10-01T20:58:31.629198+02:00,4.6,8.4,208
2026-10-01T20:58:31.629198+02:00,Malcesine,best_match,2026-10-01T20:58:31.629198+02:00,3.3,7.8,197
2026-10-01T20:58:31.629198+02:00,Malcesine,best_match,2026-10-01T20:58:31.629198+02:00,2.2,5.6,170
2026-10-01T20:58:31.629198+02:00,Malcesine,best_match,2026-10-01T20:58:31.629198+02:00,0.6,2.5,162
2026-10-01T20:58:31.629198+02:00,Malcesine,best_match,2026-10-01T20:58:31.629198+02:00,1.4,1.4,98
2026-10-01T20:58:31.629198+02:00,Malcesine,best_match,2026-10-01T20:58:31.629198+02:00,2.7,2.9,94
2026-10-01T20:58:31.629198+02:00,Malcesine,best_match,2026-10-01T20:58:31.629198+02:00,3.9,4.5,81
2026-10-01T20:58:31.629198+02:00,Malcesine,best_match,2026-10-01T20:58:31.629198+02:00,2.8,4.9,65
2026-10-01T20:58:31.629198+02:00,Malcesine,best_match,2026-10-01T20:58:31.629198+02:00,2.6,3.7,63
2026-10-01T20:58:31.629198+02:00,Malcesine,best_match,2026-10-01T20:58:31.629198+02:00,2.8,3.1,65
2026-10-01T20:58:31.629198+02:00,Malcesine,best_match,2026-10-01T20:58:31.629198+02:00,3.4,4.1,66
2026-10-01T20:58:31.629198+02:00,Malcesine,best_match,2026-10-01T20:58:31.629198+02:00,3.7,5.2,72
2026-10-01T20:58:31.629198+02:00,Malcesine,best_match,2026-10-01T20:58:31.629198+02:00,4.1,6.2,85
2026-10-01T20:58:31.629198+02:00,Malcesine,best_match,2026-10-01T20:58:31.629198+02:00,3.3,6.0,73
2026-10-01T20:58:31.629198+02:00,Malcesine,best_match,2026-10-01T20:58:31.629198+02:00,3.3,4.5,73
2026-10-01T20:58:31.629198+02:00,Malcesine,best_match,2026-10-01T20:58:31.629198+02:00,2.6,4.1,48
2026-10-01T20:58:31.629198+02:00,Malcesine,best_match,2026-10-01T20:58:31.629198+02:00,1.8,3.7,18
2026-10-01T20:58:31.629198+02:00,Malcesine,best_match,2026-10-01T20:58:31.629198+02:00,1.8,4.1,347
2026-10-01T20:58:31.629198+02:00,Malcesine,best_match,2026-10-01T20:58:31.629198+02:00,1.2,3.7,288
2026-10-01T20:58:31.629198+02:00,Malcesine,best_match,2026-10-01T20:58:31.629198+02:00,2.9,3.9,250
2026-10-01T20:58:31.629198+02:00,Malcesine,best_match,2026-10-01T20:58:31.629198+02:00,5.7,7.6,235
2026-10-01T20:58:31.629198+02:00,Malcesine,best_match,2026-10-01T20:58:31.629198+02:00,6.3,9.3,236
2026-10-01T20:58:31.629198+02:00,Malcesine,best_match,2026-10-01T20:58:31.629198+02:00,6.7,10.1,234
2026-10-01T20:58:31.629198+02:00,Malcesine,best_match,2026-10-01T20:58:31.629198+02:00,6.6,10.3,232
2026-10-01T20:58:31.629198+02:00,Malcesine,best_match,2026-10-01T20:58:31.629198+02:00,6.1,10.3,230
2026-10-01T20:58:31.629198+02:00,Malcesine,best_match,2026-10-01T20:58:31.629198+02:00,4.9,10.5,225
2026-10-01T20:58:31.629198+02:00,Malcesine,best_match,2026-10-01T20:58:31.629198+02:00,2.9,8.2,160
2026-10-01T20:58:31.629198+02:00,Malcesine,best_match,2026-10-01T20:58:31.629198+02:00,0.8,3.7,166
2026-10-01T20:58:31.629198+02:00,Malcesine,best_match,2026-10-01T20:58:31.629198+02:00,0.4,0.8,207
2026-10-01T20:58:31.629198+02:00,Malcesine,best_match,2026-10-01T20:58:31.629198+02:00,2.6,2.5,103
2026-10-01T20:58:31.629198+02:00,Malcesine,best_match,2026-10-01T20:58:31.629198+02:00,1.7,2.9,90
2026-10-01T20:58:31.629198+02:00,Malcesine,best_match,2026-10-01T20:58:31.629198+02:00,1.6,1.9,90
2026-10-01T20:58:31.629198+02:00,Malcesine,best_match,2026-10-01T20:58:31.629198+02:00,1.8,1.9,72
2026-10-01T20:58:31.629198+02:00,Malcesine,best_match,2026-10-01T20:58:31.629198+02:00,1.2,2.1,81
2026-10-01T20:58:31.629198+02:00,Malcesine,best_match,2026-10-01T20:58:31.629198+02:00,2.0,1.9,84
2026-10-01T20:58:31.629198+02:00,Malcesine,best_match,2026-10-01T20:58:31.629198+02:00,2.9,3.3,70
2026-10-01T20:58:31.629198+02:00,Malcesine,best_match,2026-10-01T20:58:31.629198+02:00,2.7,3.3,45
2026-10-01T20:58:31.629198+02:00,Malcesine,best_match,2026-10-01T20:58:31.629198+02:00,2.6,3.3,36
2026-10-01T20:58:31.629198+02:00,Malcesine,best_match,2026-10-01T20:58:31.629198+02:00,2.5,3.7,39
2026-10-01T20:58:31.629198+02:00,Malcesine,best_match,2026-10-01T20:58:31.629198+02:00,2.9,3.5,28
2026-10-01T20:58:31.629198+02:00,Malcesine,best_match,2026-10-01T20:58:31.629198+02:00,2.3,4.1,31
2026-10-01T20:58:31.629198+02:00,Malcesine,best_match,2026-10-01T20:58:31.629198+02:00,1.8,4.1,354
2026-10-01T20:58:31.629198+02:00,Malcesine,best_match,2026-10-01T20:58:31.629198+02:00,1.6,2.7,263
2026-10-01T20:58:31.629198+02:00,Malcesine,best_match,2026-10-01T20:58:31.629198+02:00,3.3,3.9,230
2026-10-01T20:58:31.629198+02:00,Malcesine,best_match,2026-10-01T20:58:31.629198+02:00,4.9,6.4,236
2026-10-01T20:58:31.629198+02:00,Malcesine,best_match,2026-10-01T20:58:31.629198+02:00,6.6,9.3,232
2026-10-01T20:58:31.629198+02:00,Malcesine,best_match,2026-10-01T20:58:31.629198+02:00,6.6,10.7,223
2026-10-01T20:58:31.629198+02:00,Malcesine,best_match,2026-10-01T20:58:31.629198+02:00,6.1,11.3,211
2026-10-01T20:58:31.629198+02:00,Malcesine,best_match,2026-10-01T20:58:31.629198+02:00,4.9,10.4,205
2026-10-01T20:58:31.629198+02:00,Malcesine,best_match,2026-10-01T20:58:31.629198+02:00,3.6,8.9,202
2026-10-01T20:58:31.629198+02:00,Malcesine,best_match,2026-10-01T20:58:31.629198+02:00,2.1,7.2,214
2026-10-01T20:58:31.629198+02:00,Malcesine,best_match,2026-10-01T20:58:31.629198+02:00,1.1,2.7,301
2026-10-01T20:58:31.629198+02:00,Malcesine,best_match,2026-10-01T20:58:31.629198+02:00,1.9,3.1,323
2026-10-01T20:58:31.629198+02:00,Malcesine,best_match,2026-10-01T20:58:31.629198+02:00,2.0,3.3,349
2026-10-01T20:58:31.629198+02:00,Malcesine,best_match,2026-10-01T20:58:31.629198+02:00,2.4,3.3,351
2026-10-01T20:58:31.629198+02:00,Torbole,best_match,2026-10-01T20:58:31.629198+02:00,2.6,6.2,107
2026-10-01T20:58:31.629198+02:00,Torbole,best_match,2026-10-01T20:58:31.629198+02:00,3.2,5.6,115
2026-10-01T20:58:31.629198+02:00,Torbole,best_match,2026-10-01T20:58:31.629198+02:00,2.3,5.6,110
2026-10-01T20:58:31.629198+02:00,Torbole,best_match,2026-10-01T20:58:31.629198+02:00,1.6,3.5,97
2026-10-01T20:58:31.629198+02:00,Torbole,best_match,2026-10-01T20:58:31.629198+02:00,3.2,3.5,104
2026-10-01T20:58:31.629198+02:00,Torbole,best_match,2026-10-01T20:58:31.629198+02:00,2.0,4.5,84
2026-10-01T20:58:31.629198+02:00,Torbole,best_match,2026-10-01T20:58:31.629198+02:00,3.1,3.7,97
2026-10-01T20:58:31.629198+02:00,Torbole,best_match,2026-10-01T20:58:31.629198+02:00,2.1,4.3,85
2026-10-01T20:58:31.629198+02:00,Torbole,best_match,2026-10-01T20:58:31.629198+02:00,1.8,5.1,72
2026-10-01T20:58:31.629198+02:00,Torbole,best_match,2026-10-01T20:58:31.629198+02:00,1.8,4.1,77
2026-10-01T20:58:31.629198+02:00,Torbole,best_match,2026-10-01T20:58:31.629198+02:00,1.0,2.9,22
2026-10-01T20:58:31.629198+02:00,Torbole,best_match,2026-10-01T20:58:31.629198+02:00,1.2,1.9,351
2026-10-01T20:58:31.629198+02:00,Torbole,best_match,2026-10-01T20:58:31.629198+02:00,1.7,4.1,333
2026-10-01T20:58:31.629198+02:00,Torbole,best_match,2026-10-01T20:58:31.629198+02:00,1.1,3.5,225
2026-10-01T20:58:31.629198+02:00,Torbole,best_match,2026-10-01T20:58:31.629198+02:00,1.9,3.7,217
2026-10-01T20:58:31.629198+02:00,Torbole,best_match,2026-10-01T20:58:31.629198+02:00,4.6,8.9,208
2026-10-01T20:58:31.629198+02:00,Torbole,best_match,2026-10-01T20:58:31.629198+02:00,5.5,9.5,203
2026-10-01T20:58:31.629198+02:00,Torbole,best_match,2026-10-01T20:58:31.629198+02:00,4.2,9.9,202
2026-10-01T20:58:31.629198+02:00,Torbole,best_match,2026-10-01T20:58:31.629198+02:00,2.6,7.6,189
2026-10-01T20:58:31.629198+02:00,Torbole,best_match,2026-10-01T20:58:31.629198+02:00,3.3,5.1,130
2026-10-01T20:58:31.629198+02:00,Torbole,best_match,2026-10-01T20:58:31.629198+02:00,4.5,7.4,108
2026-10-01T20:58:31.629198+02:00,Torbole,best_match,2026-10-01T20:58:31.629198+02:00,3.7,7.4,108
2026-10-01T20:58:31.629198+02:00,Torbole,best_match,2026-10-01T20:58:31.629198+02:00,2.0,6.0,101
2026-10-01T20:58:31.629198+02:00,Torbole,best_match,2026-10-01T20:58:31.629198+02:00,5.0,5.2,103
2026-10-01T20:58:31.629198+02:00,Torbole,best_match,2026-10-01T20:58:31.629198+02:00,4.0,5.1,101
2026-10-01T20:58:31.629198+02:00,Torbole,best_match,2026-10-01T20:58:31.629198+02:00,3.5,3.9,99
2026-10-01T20:58:31.629198+02:00,Torbole,best_match,2026-10-01T20:58:31.629198+02:00,3.4,3.7,100
2026-10-01T20:58:31.629198+02:00,Torbole,best_match,2026-10-01T20:58:31.629198+02:00,3.1,3.3,94
2026-10-01T20:58:31.629198+02:00,Torbole,best_match,2026-10-01T20:58:31.629198+02:00,2.9,3.5,98
2026-10-01T20:58:31.629198+02:00,Torbole,best_match,2026-10-01T20:58:31.629198+02:00,3.2,3.3,101
2026-10-01T20:58:31.629198+02:00,Torbole,best_match,2026-10-01T20:58:31.629198+02:00,3.0,3.3,101
2026-10-01T20:58:31.629198+02:00,Torbole,best_match,2026-10-01T20:58:31.629198+02:00,3.1,3.3,108
2026-10-01T20:58:31.629198+02:00,Torbole,best_match,2026-10-01T20:58:31.629198+02:00,2.6,3.1,103
2026-10-01T20:58:31.629198+02:00,Torbole,best_match,2026-10-01T20:58:31.629198+02:00,1.1,3.7,59
2026-10-01T20:58:31.629198+02:00,Torbole,best_match,2026-10-01T20:58:31.629198+02:00,1.2,2.9,360
2026-10-01T20:58:31.629198+02:00,Torbole,best_match,2026-10-01T20:58:31.629198+02:00,1.1,2.9,315
2026-10-01T20:58:31.629198+02:00,Torbole,best_match,2026-10-01T20:58:31.629198+02:00,2.2,3.3,243
2026-10-01T20:58:31.629198+02:00,Torbole,best_match,2026-10-01T20:58:31.629198+02:00,4.7,7.2,210
2026-10-01T20:58:31.629198+02:00,Torbole,best_match,2026-10-01T20:58:31.629198+02:00,6.9,11.5,205
2026-10-01T20:58:31.629198+02:00,Torbole,best_match,2026-10-01T20:58:31.629198+02:00,7.8,14.4,203
2026-10-01T20:58:31.629198+02:00,Torbole,best_match,2026-10-01T20:58:31.629198+02:00,7.7,14.8,201
2026-10-01T20:58:31.629198+02:00,Torbole,best_match,2026-10-01T20:58:31.629198+02:00,7.0,14.0,199
2026-10-01T20:58:31.629198+02:00,Torbole,best_match,2026-10-01T20:58:31.629198+02:00,5.7,12.2,196
2026-10-01T20:58:31.629198+02:00,Torbole,best_match,2026-10-01T20:58:31.629198+02:00,3.3,9.5,177
2026-10-01T20:58:31.629198+02:00,Torbole,best_match,2026-10-01T20:58:31.629198+02:00,4.5,7.2,121
2026-10-01T20:58:31.629198+02:00,Torbole,best_match,2026-10-01T20:58:31.629198+02:00,4.3,8.2,114
2026-10-01T20:58:31.629198+02:00,Torbole,best_match,2026-10-01T20:58:31.629198+02:00,4.1,5.6,107
2026-10-01T20:58:31.629198+02:00,Torbole,best_match,2026-10-01T20:58:31.629198+02:00,4.5,4.7,100
2026-10-01T20:58:31.629198+02:00,Torbole,best_match,2026-10-01T20:58:31.629198+02:00,4.4,4.7,103
2026-10-01T20:58:31.629198+02:00,Torbole,best_match,2026-10-01T20:58:31.629198+02:00,4.4,4.5,103
2026-10-01T20:58:31.629198+02:00,Torbole,best_match,2026-10-01T20:58:31.629198+02:00,4.2,4.5,101
2026-10-01T20:58:31.629198+02:00,Torbole,best_match,2026-10-01T20:58:31.629198+02:00,4.2,4.3,101
2026-10-01T20:58:31.629198+02:00,Torbole,best_match,2026-10-01T20:58:31.629198+02:00,4.0,4.1,101
2026-10-01T20:58:31.629198+02:00,Torbole,best_match,2026-10-01T20:58:31.629198+02:00,3.9,4.1,99
2026-10-01T20:58:31.629198+02:00,Torbole,best_match,2026-10-01T20:58:31.629198+02:00,3.7,3.9,99
2026-10-01T20:58:31.629198+02:00,Torbole,best_match,2026-10-01T20:58:31.629198+02:00,3.7,3.9,99
2026-10-01T20:58:31.629198+02:00,Torbole,best_match,2026-10-01T20:58:31.629198+02:00,3.1,4.5,97
2026-10-01T20:58:31.629198+02:00,Torbole,best_match,2026-10-01T20:58:31.629198+02:00,1.4,4.7,56
2026-10-01T20:58:31.629198+02:00,Torbole,best_match,2026-10-01T20:58:31.629198+02:00,1.8,3.9,18
2026-10-01T20:58:31.629198+02:00,Torbole,best_match,2026-10-01T20:58:31.629198+02:00,1.5,3.7,337
2026-10-01T20:58:31.629198+02:00,Torbole,best_match,2026-10-01T20:58:31.629198+02:00,2.0,2.3,241
2026-10-01T20:58:31.629198+02:00,Torbole,best_match,2026-10-01T20:58:31.629198+02:00,4.5,5.8,211
2026-10-01T20:58:31.629198+02:00,Torbole,best_match,2026-10-01T20:58:31.629198+02:00,6.7,10.3,206
2026-10-01T20:58:31.629198+02:00,Torbole,best_match,2026-10-01T20:58:31.629198+02:00,7.3,13.8,207
2026-10-01T20:58:31.629198+02:00,Torbole,best_match,2026-10-01T20:58:31.629198+02:00,6.7,13.7,209
2026-10-01T20:58:31.629198+02:00,Torbole,best_match,2026-10-01T20:58:31.629198+02:00,5.5,12.9,212
2026-10-01T20:58:31.629198+02:00,Torbole,best_match,2026-10-01T20:58:31.629198+02:00,4.7,11.3,218
2026-10-01T20:58:31.629198+02:00,Torbole,best_match,2026-10-01T20:58:31.629198+02:00,3.9,9.7,217
2026-10-01T20:58:31.629198+02:00,Torbole,best_match,2026-10-01T20:58:31.629198+02:00,2.9,7.8,217
2026-10-01T20:58:31.629198+02:00,Torbole,best_match,2026-10-01T20:58:31.629198+02:00,2.0,5.1,197
2026-10-01T20:58:31.629198+02:00,Torbole,best_match,2026-10-01T20:58:31.629198+02:00,0.9,3.5,153
2026-10-01T20:58:31.629198+02:00,Torbole,best_match,2026-10-01T20:58:31.629198+02:00,0.8,3.9,90
2026-10-02T12:28:16.876383+02:00,Malcesine,best_match,2026-10-02T12:28:16.876383+02:00,3.0,3.7,58
2026-10-02T12:28:16.876383+02:00,Malcesine,best_match,2026-10-02T12:28:16.876383+02:00,2.1,3.5,49
2026-10-02T12:28:16.876383+02:00,Malcesine,best_match,2026-10-02T12:28:16.876383+02:00,2.2,3.1,75
2026-10-02T12:28:16.876383+02:00,Malcesine,best_match,2026-10-02T12:28:16.876383+02:00,4.1,4.5,65
2026-10-02T12:28:16.876383+02:00,Malcesine,best_match,2026-10-02T12:28:16.876383+02:00,3.9,7.0,70
2026-10-02T12:28:16.876383+02:00,Malcesine,best_match,2026-10-02T12:28:16.876383+02:00,3.6,6.6,61
2026-10-02T12:28:16.876383+02:00,Malcesine,best_match,2026-10-02T12:28:16.876383+02:00,3.3,6.2,45
2026-10-02T12:28:16.876383+02:00,Malcesine,best_match,2026-10-02T12:28:16.876383+02:00,3.3,5.4,73
2026-10-02T12:28:16.876383+02:00,Malcesine,best_match,2026-10-02T12:28:16.876383+02:00,2.6,4.9,54
2026-10-02T12:28:16.876383+02:00,Malcesine,best_match,2026-10-02T12:28:16.876383+02:00,1.4,3.3,8
2026-10-02T12:28:16.876383+02:00,Malcesine,best_match,2026-10-02T12:28:16.876383+02:00,1.7,3.7,339
2026-10-02T12:28:16.876383+02:00,Malcesine,best_match,2026-10-02T12:28:16.876383+02:00,1.9,3.7,336
2026-10-02T12:28:16.876383+02:00,Malcesine,best_match,2026-10-02T12:28:16.876383+02:00,1.8,4.5,257
2026-10-02T12:28:16.876383+02:00,Malcesine,best_match,2026-10-02T12:28:16.876383+02:00,5.4,6.8,240
2026-10-02T12:28:16.876383+02:00,Malcesine,best_match,2026-10-02T12:28:16.876383+02:00,7.1,10.3,235
2026-10-02T12:28:16.876383+02:00,Malcesine,best_match,2026-10-02T12:28:16.876383+02:00,7.7,11.5,234
2026-10-02T12:28:16.876383+02:00,Malcesine,best_match,2026-10-02T12:28:16.876383+02:00,7.3,11.7,230
2026-10-02T12:28:16.876383+02:00,Malcesine,best_match,2026-10-02T12:28:16.876383+02:00,6.0,11.5,225
2026-10-02T12:28:16.876383+02:00,Malcesine,best_match,2026-10-02T12:28:16.876383+02:00,4.6,10.1,216
2026-10-02T12:28:16.876383+02:00,Malcesine,best_match,2026-10-02T12:28:16.876383+02:00,2.3,7.6,185
2026-10-02T12:28:16.876383+02:00,Malcesine,best_match,2026-10-02T12:28:16.876383+02:00,1.0,3.3,180
2026-10-02T12:28:16.876383+02:00,Malcesine,best_match,2026-10-02T12:28:16.876383+02:00,0.2,1.2,180
2026-10-02T12:28:16.876383+02:00,Malcesine,best_match,2026-10-02T12:28:16.876383+02:00,1.2,1.4,81
2026-10-02T12:28:16.876383+02:00,Malcesine,best_match,2026-10-02T12:28:16.876383+02:00,2.3,2.5,85
2026-10-02T12:28:16.876383+02:00,Malcesine,best_match,2026-10-02T12:28:16.876383+02:00,1.8,2.5,96
2026-10-02T12:28:16.876383+02:00,Malcesine,best_match,2026-10-02T12:28:16.876383+02:00,1.8,2.1,103
2026-10-02T12:28:16.876383+02:00,Malcesine,best_match,2026-10-02T12:28:16.876383+02:00,2.0,2.1,96
2026-10-02T12:28:16.876383+02:00,Malcesine,best_match,2026-10-02T12:28:16.876383+02:00,2.0,2.3,84
2026-10-02T12:28:16.876383+02:00,Malcesine,best_match,2026-10-02T12:28:16.876383+02:00,2.2,2.7,75
2026-10-02T12:28:16.876383+02:00,Malcesine,best_match,2026-10-02T12:28:16.876383+02:00,2.4,2.9,55
2026-10-02T12:28:16.876383+02:00,Malcesine,best_match,2026-10-02T12:28:16.876383+02:00,3.1,3.7,55
2026-10-02T12:28:16.876383+02:00,Malcesine,best_match,2026-10-02T12:28:16.876383+02:00,2.9,3.7,42
2026-10-02T12:28:16.876383+02:00,Malcesine,best_match,2026-10-02T12:28:16.876383+02:00,3.3,4.5,40
2026-10-02T12:28:16.876383+02:00,Malcesine,best_match,2026-10-02T12:28:16.876383+02:00,2.8,4.9,25
2026-10-02T12:28:16.876383+02:00,Malcesine,best_match,2026-10-02T12:28:16.876383+02:00,2.3,5.2,5
2026-10-02T12:28:16.876383+02:00,Malcesine,best_match,2026-10-02T12:28:16.876383+02:00,1.2,3.7,270
2026-10-02T12:28:16.876383+02:00,Malcesine,best_match,2026-10-02T12:28:16.876383+02:00,4.1,5.1,225
2026-10-02T12:28:16.876383+02:00,Malcesine,best_match,2026-10-02T12:28:16.876383+02:00,5.2,6.6,225
2026-10-02T12:28:16.876383+02:00,Malcesine,best_match,2026-10-02T12:28:16.876383+02:00,6.5,9.1,229
2026-10-02T12:28:16.876383+02:00,Malcesine,best_match,2026-10-02T12:28:16.876383+02:00,6.6,10.5,225
2026-10-02T12:28:16.876383+02:00,Malcesine,best_match,2026-10-02T12:28:16.876383+02:00,6.6,10.7,225
2026-10-02T12:28:16.876383+02:00,Malcesine,best_match,2026-10-02T12:28:16.876383+02:00,5.9,10.9,224
2026-10-02T12:28:16.876383+02:00,Malcesine,best_match,2026-10-02T12:28:16.876383+02:00,4.6,10.7,200
2026-10-02T12:28:16.876383+02:00,Malcesine,best_match,2026-10-02T12:28:16.876383+02:00,3.6,7.8,144
2026-10-02T12:28:16.876383+02:00,Malcesine,best_match,2026-10-02T12:28:16.876383+02:00,1.4,5.8,146
2026-10-02T12:28:16.876383+02:00,Malcesine,best_match,2026-10-02T12:28:16.876383+02:00,0.2,1.2,360
2026-10-02T12:28:16.876383+02:00,Malcesine,best_match,2026-10-02T12:28:16.876383+02:00,0.6,0.8,18
2026-10-02T12:28:16.876383+02:00,Malcesine,best_match,2026-10-02T12:28:16.876383+02:00,2.4,3.1,81
2026-10-02T12:28:16.876383+02:00,Malcesine,best_match,2026-10-02T12:28:16.876383+02:00,1.5,2.5,23
2026-10-02T12:28:16.876383+02:00,Malcesine,best_match,2026-10-02T12:28:16.876383+02:00,2.0,2.3,61
2026-10-02T12:28:16.876383+02:00,Malcesine,best_match,2026-10-02T12:28:16.876383+02:00,2.6,2.9,63
2026-10-02T12:28:16.876383+02:00,Malcesine,best_match,2026-10-02T12:28:16.876383+02:00,3.0,3.1,63
2026-10-02T12:28:16.876383+02:00,Malcesine,best_match,2026-10-02T12:28:16.876383+02:00,4.2,5.2,74
2026-10-02T12:28:16.876383+02:00,Malcesine,best_match,2026-10-02T12:28:16.876383+02:00,3.9,6.0,72
2026-10-02T12:28:16.876383+02:00,Malcesine,best_match,2026-10-02T12:28:16.876383+02:00,3.6,5.6,74
2026-10-02T12:28:16.876383+02:00,Malcesine,best_match,2026-10-02T12:28:16.876383+02:00,3.4,4.7,77
2026-10-02T12:28:16.876383+02:00,Malcesine,best_match,2026-10-02T12:28:16.876383+02:00,3.4,4.5,80
2026-10-02T12:28:16.876383+02:00,Malcesine,best_match,2026-10-02T12:28:16.876383+02:00,2.4,4.8,52
2026-10-02T12:28:16.876383+02:00,Malcesine,best_match,2026-10-02T12:28:16.876383+02:00,1.4,4.5,150
2026-10-02T12:28:16.876383+02:00,Malcesine,best_match,2026-10-02T12:28:16.876383+02:00,0.7,3.9,309
2026-10-02T12:28:16.876383+02:00,Malcesine,best_match,2026-10-02T12:28:16.876383+02:00,2.0,5.1,197
2026-10-02T12:28:16.876383+02:00,Malcesine,best_match,2026-10-02T12:28:16.876383+02:00,4.1,8.6,197
2026-10-02T12:28:16.876383+02:00,Malcesine,best_match,2026-10-02T12:28:16.876383+02:00,5.1,10.5,198
2026-10-02T12:28:16.876383+02:00,Malcesine,best_match,2026-10-02T12:28:16.876383+02:00,5.8,11.7,200
2026-10-02T12:28:16.876383+02:00,Malcesine,best_match,2026-10-02T12:28:16.876383+02:00,5.4,11.7,195
2026-10-02T12:28:16.876383+02:00,Malcesine,best_match,2026-10-02T12:28:16.876383+02:00,5.0,11.1,193
2026-10-02T12:28:16.876383+02:00,Malcesine,best_match,2026-10-02T12:28:16.876383+02:00,3.9,9.7,189
2026-10-02T12:28:16.876383+02:00,Malcesine,best_match,2026-10-02T12:28:16.876383+02:00,2.2,7.6,190
2026-10-02T12:28:16.876383+02:00,Malcesine,best_match,2026-10-02T12:28:16.876383+02:00,0.4,3.7,270
2026-10-02T12:28:16.876383+02:00,Malcesine,best_match,2026-10-02T12:28:16.876383+02:00,1.8,3.1,302
2026-10-02T12:28:16.876383+02:00,Malcesine,best_match,2026-10-02T12:28:16.876383+02:00,1.6,3.7,330
2026-10-02T12:28:16.876383+02:00,Malcesine,best_match,2026-10-02T12:28:16.876383+02:00,1.6,3.5,330
2026-10-02T12:28:16.876383+02:00,Torbole,best_match,2026-10-02T12:28:16.876383+02:00,3.7,5.2,99
2026-10-02T12:28:16.876383+02:00,Torbole,best_match,2026-10-02T12:28:16.876383+02:00,3.6,3.9,106
2026-10-02T12:28:16.876383+02:00,Torbole,best_match,2026-10-02T12:28:16.876383+02:00,3.3,3.7,97
2026-10-02T12:28:16.876383+02:00,Torbole,best_match,2026-10-02T12:28:16.876383+02:00,2.1,3.3,95
2026-10-02T12:28:16.876383+02:00,Torbole,best_match,2026-10-02T12:28:16.876383+02:00,3.3,3.9,111
2026-10-02T12:28:16.876383+02:00,Torbole,best_match,2026-10-02T12:28:16.876383+02:00,3.8,5.4,105
2026-10-02T12:28:16.876383+02:00,Torbole,best_match,2026-10-02T12:28:16.876383+02:00,3.3,6.4,97
2026-10-02T12:28:16.876383+02:00,Torbole,best_match,2026-10-02T12:28:16.876383+02:00,2.9,5.4,94
2026-10-02T12:28:16.876383+02:00,Torbole,best_match,2026-10-02T12:28:16.876383+02:00,2.9,5.2,90
2026-10-02T12:28:16.876383+02:00,Torbole,best_match,2026-10-02T12:28:16.876383+02:00,1.7,4.7,36
2026-10-02T12:28:16.876383+02:00,Torbole,best_match,2026-10-02T12:28:16.876383+02:00,1.8,3.7,13
2026-10-02T12:28:16.876383+02:00,Torbole,best_match,2026-10-02T12:28:16.876383+02:00,2.3,3.9,5
2026-10-02T12:28:16.876383+02:00,Torbole,best_match,2026-10-02T12:28:16.876383+02:00,1.4,5.1,304
2026-10-02T12:28:16.876383+02:00,Torbole,best_match,2026-10-02T12:28:16.876383+02:00,4.4,5.6,218
2026-10-02T12:28:16.876383+02:00,Torbole,best_match,2026-10-02T12:28:16.876383+02:00,7.7,12.4,205
2026-10-02T12:28:16.876383+02:00,Torbole,best_match,2026-10-02T12:28:16.876383+02:00,9.0,16.1,204
2026-10-02T12:28:16.876383+02:00,Torbole,best_match,2026-10-02T12:28:16.876383+02:00,8.4,16.3,203
2026-10-02T12:28:16.876383+02:00,Torbole,best_match,2026-10-02T12:28:16.876383+02:00,7.5,15.4,201
2026-10-02T12:28:16.876383+02:00,Torbole,best_match,2026-10-02T12:28:16.876383+02:00,5.7,13.2,198
2026-10-02T12:28:16.876383+02:00,Torbole,best_match,2026-10-02T12:28:16.876383+02:00,3.7,9.9,171
2026-10-02T12:28:16.876383+02:00,Torbole,best_match,2026-10-02T12:28:16.876383+02:00,3.3,6.0,140
2026-10-02T12:28:16.876383+02:00,Torbole,best_match,2026-10-02T12:28:16.876383+02:00,4.2,7.4,112
2026-10-02T12:28:16.876383+02:00,Torbole,best_match,2026-10-02T12:28:16.876383+02:00,3.2,5.2,115
2026-10-02T12:28:16.876383+02:00,Torbole,best_match,2026-10-02T12:28:16.876383+02:00,4.9,5.2,99
2026-10-02T12:28:16.876383+02:00,Torbole,best_match,2026-10-02T12:28:16.876383+02:00,4.4,5.1,103
2026-10-02T12:28:16.876383+02:00,Torbole,best_match,2026-10-02T12:28:16.876383+02:00,4.4,4.7,103
2026-10-02T12:28:16.876383+02:00,Torbole,best_match,2026-10-02T12:28:16.876383+02:00,4.4,4.5,103
2026-10-02T12:28:16.876383+02:00,Torbole,best_match,2026-10-02T12:28:16.876383+02:00,4.2,4.5,103
2026-10-02T12:28:16.876383+02:00,Torbole,best_match,2026-10-02T12:28:16.876383+02:00,4.2,4.3,103
2026-10-02T12:28:16.876383+02:00,Torbole,best_match,2026-10-02T12:28:16.876383+02:00,4.0,4.3,101
2026-10-02T12:28:16.876383+02:00,Torbole,best_match,2026-10-02T12:28:16.876383+02:00,3.7,4.1,99
2026-10-02T12:28:16.876383+02:00,Torbole,best_match,2026-10-02T12:28:16.876383+02:00,3.5,3.9,99
2026-10-02T12:28:16.876383+02:00,Torbole,best_match,2026-10-02T12:28:16.876383+02:00,3.1,4.1,97
2026-10-02T12:28:16.876383+02:00,Torbole,best_match,2026-10-02T12:28:16.876383+02:00,1.7,4.7,54
2026-10-02T12:28:16.876383+02:00,Torbole,best_match,2026-10-02T12:28:16.876383+02:00,2.2,4.3,27
2026-10-02T12:28:16.876383+02:00,Torbole,best_match,2026-10-02T12:28:16.876383+02:00,1.6,4.3,353
2026-10-02T12:28:16.876383+02:00,Torbole,best_match,2026-10-02T12:28:16.876383+02:00,2.3,2.7,239
2026-10-02T12:28:16.876383+02:00,Torbole,best_match,2026-10-02T12:28:16.876383+02:00,5.0,6.4,211
2026-10-02T12:28:16.876383+02:00,Torbole,best_match,2026-10-02T12:28:16.876383+02:00,7.1,10.7,206
2026-10-02T12:28:16.876383+02:00,Torbole,best_match,2026-10-02T12:28:16.876383+02:00,8.3,14.6,204
2026-10-02T12:28:16.876383+02:00,Torbole,best_match,2026-10-02T12:28:16.876383+02:00,7.5,14.8,201
2026-10-02T12:28:16.876383+02:00,Torbole,best_match,2026-10-02T12:28:16.876383+02:00,6.9,14.0,202
2026-10-02T12:28:16.876383+02:00,Torbole,best_match,2026-10-02T12:28:16.876383+02:00,5.7,12.2,198
2026-10-02T12:28:16.876383+02:00,Torbole,best_match,2026-10-02T12:28:16.876383+02:00,3.5,9.9,180
2026-10-02T12:28:16.876383+02:00,Torbole,best_match,2026-10-02T12:28:16.876383+02:00,4.0,6.6,133
2026-10-02T12:28:16.876383+02:00,Torbole,best_match,2026-10-02T12:28:16.876383+02:00,4.4,7.8,105
2026-10-02T12:28:16.876383+02:00,Torbole,best_match,2026-10-02T12:28:16.876383+02:00,3.4,7.8,103
2026-10-02T12:28:16.876383+02:00,Torbole,best_match,2026-10-02T12:28:16.876383+02:00,1.7,5.4,69
2026-10-02T12:28:16.876383+02:00,Torbole,best_match,2026-10-02T12:28:16.876383+02:00,5.1,5.4,99
2026-10-02T12:28:16.876383+02:00,Torbole,best_match,2026-10-02T12:28:16.876383+02:00,3.3,5.4,93
2026-10-02T12:28:16.876383+02:00,Torbole,best_match,2026-10-02T12:28:16.876383+02:00,3.5,3.9,93
2026-10-02T12:28:16.876383+02:00,Torbole,best_match,2026-10-02T12:28:16.876383+02:00,3.3,3.7,93
2026-10-02T12:28:16.876383+02:00,Torbole,best_match,2026-10-02T12:28:16.876383+02:00,3.5,3.7,93
2026-10-02T12:28:16.876383+02:00,Torbole,best_match,2026-10-02T12:28:16.876383+02:00,2.9,3.5,94
2026-10-02T12:28:16.876383+02:00,Torbole,best_match,2026-10-02T12:28:16.876383+02:00,2.9,3.1,94
2026-10-02T12:28:16.876383+02:00,Torbole,best_match,2026-10-02T12:28:16.876383+02:00,3.1,3.3,97
2026-10-02T12:28:16.876383+02:00,Torbole,best_match,2026-10-02T12:28:16.876383+02:00,2.9,3.7,90
2026-10-02T12:28:16.876383+02:00,Torbole,best_match,2026-10-02T12:28:16.876383+02:00,1.3,3.2,68
2026-10-02T12:28:16.876383+02:00,Torbole,best_match,2026-10-02T12:28:16.876383+02:00,0.7,2.7,195
2026-10-02T12:28:16.876383+02:00,Torbole,best_match,2026-10-02T12:28:16.876383+02:00,0.9,2.4,342
2026-10-02T12:28:16.876383+02:00,Torbole,best_match,2026-10-02T12:28:16.876383+02:00,1.1,3.7,301
2026-10-02T12:28:16.876383+02:00,Torbole,best_match,2026-10-02T12:28:16.876383+02:00,2.0,5.8,264
2026-10-02T12:28:16.876383+02:00,Torbole,best_match,2026-10-02T12:28:16.876383+02:00,2.5,7.4,247
2026-10-02T12:28:16.876383+02:00,Torbole,best_match,2026-10-02T12:28:16.876383+02:00,3.9,9.3,229
2026-10-02T12:28:16.876383+02:00,Torbole,best_match,2026-10-02T12:28:16.876383+02:00,5.1,11.7,220
2026-10-02T12:28:16.876383+02:00,Torbole,best_match,2026-10-02T12:28:16.876383+02:00,4.8,11.7,220
2026-10-02T12:28:16.876383+02:00,Torbole,best_match,2026-10-02T12:28:16.876383+02:00,4.3,10.9,219
2026-10-02T12:28:16.876383+02:00,Torbole,best_match,2026-10-02T12:28:16.876383+02:00,3.4,8.9,223
2026-10-02T12:28:16.876383+02:00,Torbole,best_match,2026-10-02T12:28:16.876383+02:00,2.6,6.6,222
2026-10-02T12:28:16.876383+02:00,Torbole,best_match,2026-10-02T12:28:16.876383+02:00,1.7,4.3,201
2026-10-02T12:28:16.876383+02:00,Torbole,best_match,2026-10-02T12:28:16.876383+02:00,0.9,3.7,153
2026-10-02T12:28:16.876383+02:00,Torbole,best_match,2026-10-02T12:28:16.876383+02:00,0.4,3.3,153
